use website;

INSERT INTO `auth_user` VALUES ('1','1f4841d93b8589ec0ee76ad7e4ee174b767befe8','2014-05-07 22:53:07','rwillms','lhalvorson@example.net','1','1','0','20108','1993-02-21 22:45:39'),
('2','00eb31fe7441133f11e1dc0d06ec7c4d45e4badc','1983-11-01 02:34:03','russel.valentine','michale.pfeffer@example.com','0','0','0','40143544','2005-02-09 02:27:21'),
('3','3bfbbb5561ed10afebcb9f6dfbc1c31bed4ab9db','1996-08-23 19:33:49','stark.darian','ibrekke@example.net','1','0','0','74854656','1992-12-26 03:22:13'),
('4','607c9ce72f3ca88ddbf3ec88799429b12ed4327a','1985-02-06 16:16:31','abdul.emmerich','dnienow@example.com','1','1','0','16546456','1973-09-07 21:26:15'),
('5','9bb8523766da47edf83b366d3371e660d02cb835','1980-06-03 08:01:00','agulgowski','levi26@example.com','1','1','0','16546467','2005-07-22 14:39:07'),
('6','7c25a6ad5a67ac54eeaf8c4616b9673a347f958b','2003-07-13 00:15:09','bkertzmann','viola.pacocha@example.net','1','0','0','71768767','1995-10-23 13:10:04'),
('7','e2ee01d3d881088e550c04890090eef8862adfc8','2018-08-09 14:31:30','awilkinson','vbarton@example.net','0','1','0','69769679','1988-04-05 22:08:45'),
('8','de32e18e45a6d35fcdb2f7b3ed9c121631c6330e','2008-12-28 09:48:19','maeve63','blanda.elvera@example.net','1','1','0','6797696796','1974-07-01 17:16:00'),
('9','562ce55218f7582f140c7447f65bc52da8cf59b1','1977-05-17 09:02:55','kilback.laurianne','xkemmer@example.org','0','0','0','7697967967','1972-09-16 09:18:51'),
('10','56c54ca91e84e7b8a882ecbf9c9aa2f2503cfb6a','1998-02-01 12:21:00','hklocko','ymante@example.net','0','1','0','769679769','1996-11-15 20:14:37'),
('11','21ef90f9fe37ff91d13e4ddca5e4c7c167114e2b','2016-04-20 01:14:06','schiller.aurelio','greg94@example.org','0','1','0','4020757675','2008-10-07 16:20:04'),
('12','2767591660cca96ef0f4e4ca79d346b4f6f2a8b3','1993-11-03 11:03:45','rollin.emard','holden.kuhic@example.net','1','0','0','16756878','1993-11-18 20:49:04'),
('13','72ef6a350f84d0d6a21162a6cf6826685ea83e29','2015-02-25 08:21:49','xhagenes','ophelia.haley@example.org','0','0','0','2144946490','1979-11-02 20:32:33'),
('14','8ea1a589022bc63e03cf38c0d942a5faf9600019','2006-03-07 20:18:06','loren.miller','tlueilwitz@example.org','1','0','0','819858','1976-04-09 10:59:26'),
('15','5b2267f136caa12b4bb52d73542c888b045b4162','1993-05-28 06:32:04','vergie40','dexter41@example.org','0','1','0','6897976','1973-06-03 21:07:33'),
('16','b6b05ac0444184ce8f1e79c1ca1fb7d72ffded46','1972-04-26 03:19:45','llindgren','plegros@example.net','1','0','0','1267976967','2001-03-28 22:13:23'),
('17','db7ce6fdbecbc6280210a37015c3d64b3dc5200e','2015-06-06 09:06:25','maryse43','bernadine.altenwerth@example.com','1','0','0','76967967','1973-11-27 09:13:49'),
('18','fa717927411ce1cddf8560ff990b7a52e74061b6','1986-03-16 15:29:30','melba.padberg','zwalsh@example.org','1','1','0','984665769696','1981-06-16 06:37:01'),
('19','4cb3bf787043860909a2eb7504694e6b575637c8','1990-12-02 14:07:52','maudie30','emerson.turner@example.org','0','0','0','60769697','1970-09-16 00:52:43'),
('20','281013f5bc6679abeeb2fe161e1e8e4001f46b44','2013-07-19 10:32:38','torrey.kuhn','paxton.huel@example.com','1','0','0','17696780','1976-08-11 17:18:02'),
('21','d012ff92b9fd578831df71b8c2ede6c0b2ef9a17','1976-12-10 11:21:02','keegan44','koelpin.amiya@example.net','1','0','0','168568','1974-01-09 04:58:43'),
('22','bef7ddb62bca54178b1e8d4fbd4df44d6a9e12bf','1997-11-13 21:43:24','lizeth.pagac','kschamberger@example.org','0','1','0','46614464564','1982-04-02 15:36:35'),
('23','0d92a12e24844335340c32fba6bc57abd0ee6ed1','2006-04-27 21:21:12','agnes.collier','fernando.west@example.net','0','0','0','1435435','2008-11-27 07:53:12'),
('24','fafa0a62215898caa87d2cd45071a4d604642f61','1990-08-16 18:14:29','rdubuque','rory.raynor@example.com','1','1','0','7234723545','1974-06-19 16:53:50'),
('25','12981c40069737ac51338a08fbcf2d335aee9dda','2002-10-12 12:44:44','ciara.feil','abdullah.stroman@example.org','1','1','0','1964543656','1973-05-04 19:43:05'),
('26','8f9d7c35fa4b31ecfb15a910c4ac220e280ec8f7','2012-02-17 18:21:35','sjacobson','ena83@example.org','1','0','0','8110736334','1972-06-26 23:15:56'),
('27','e5e272663fe434142ba8f334a6d8d1f5e21abc69','2019-09-12 11:35:06','fadel.tyrique','wellington46@example.com','0','0','0','5809945654','1994-01-29 16:01:04'),
('28','c2da459edfc293991609a646bc4aaa58ac165de0','2009-04-11 09:05:28','chartmann','makenzie22@example.net','0','0','0','64575767','1994-09-15 19:13:10'),
('29','65608f713d111c1c8e6388f06b7c116fd376341b','1990-05-06 21:29:33','spollich','rrobel@example.org','1','0','0','65477647','2011-06-01 10:50:28'),
('30','94fe1460f78340bd9cfb27cdc424633038cea0d6','1986-05-14 03:57:02','bernadette.strosin','jorge.emmerich@example.org','0','1','0','76588568','1987-08-31 07:39:07'); 


UPDATE auth_user u
set u.is_superuser = 1
WHERE u.username = 'Admin';


INSERT INTO `profile` VALUES ('1','Ettie','Rowe','','1997-08-11 17:12:00','2015-07-11','0'),
('2','Anne','Herman','f','1983-05-16 20:15:24','1980-08-29','0'),
('3','Jevon','Maggio','m','1970-10-28 11:58:27','1975-09-10','0'),
('4','Ethelyn','Von','f','2018-03-23 13:48:10','1979-12-10','0'),
('5','Norene','Gottlieb','m','1993-09-29 16:22:55','1983-11-07','1'),
('6','Darryl','Robel','m','2016-01-16 22:35:40','2015-05-21','1'),
('7','Santina','Funk','f','1982-04-09 15:14:43','2013-02-06','1'),
('8','Izaiah','Littel','m','2005-04-03 18:27:20','2008-09-18','1'),
('9','Edd','Sanford','f','2007-12-30 05:47:16','1979-10-08','1'),
('10','Cleo','Weber','m','2008-11-24 10:47:47','1995-07-29','1'),
('11','Mariano','Goyette','f','2003-11-04 20:38:32','1998-10-19','1'),
('12','Samir','Zulauf','m','1973-12-12 22:04:27','1994-09-12','0'),
('13','Samantha','Hettinger','f','1988-03-25 02:08:20','2006-06-10','1'),
('14','Freida','Dach','m','1982-09-03 09:22:51','2000-05-16','0'),
('15','Jenifer','Murazik','f','1983-12-10 17:46:04','1976-05-14','1'),
('16','German','Torphy','m','1982-09-24 15:28:08','1981-12-24','0'),
('17','Alfredo','Breitenberg','f','1999-05-11 01:41:47','2013-03-04','1'),
('18','Maynard','Leffler','f','1990-07-24 16:41:42','1988-02-18','0'),
('19','Lily','Gulgowski','f','1984-05-09 19:06:03','1988-10-11','0'),
('20','Lenna','Satterfield','f','1972-01-29 04:03:16','1995-06-27','0'),
('21','Calista','Howell','f','1999-11-18 12:21:09','2012-03-18','0'),
('22','Veda','Moore','f','1983-11-15 08:22:07','2011-02-18','1'),
('23','Elmo','Prosacco','f','1995-07-26 19:35:31','1982-07-26','1'),
('24','Dorcas','Lindgren','f','1975-10-13 02:47:05','1971-04-18','0'),
('25','Euna','Jones','m','2017-02-05 13:16:30','2013-04-29','1'),
('26','Nelson','Moore','m','1996-04-05 19:56:31','2000-10-10','1'),
('27','Lexi','O\'Keefe','m','1977-07-24 19:44:52','1990-12-12','0'),
('28','Aliya','Stark','m','1978-12-15 22:21:12','2017-01-23','1'),
('29','Maurice','Stoltenberg','m','1998-05-18 11:44:47','2008-03-02','1'),
('30','Kristofer','Cole','m','1981-12-23 01:44:58','2019-03-03','0'); 



INSERT INTO `players` VALUES ('1972','esse','7159'),
('2028','omnis','9764'),
('2623','facere','647'),
('2635','perspiciatis','8682'),
('6579','quod','9399'),
('7243','earum','7131'),
('8143','rerum','4472'),
('8639','quia','2911'),
('10129','consectetur','9602'),
('11884','qui','9519'),
('12216','itaque','4654'),
('12980','est','8069'),
('13640','sed','821'),
('14406','dolor','8498'),
('15456','atque','9173'),
('19766','non','4136'),
('19844','cupiditate','4996'),
('21542','ut','1863'),
('21643','dolores','4501'),
('22184','nemo','6862'),
('23593','quis','239'),
('24348','id','5047'),
('24442','aut','5483'),
('24528','dolorem','8999'),
('25242','libero','1344'),
('27997','voluptas','4506'),
('28308','mollitia','8598'),
('28732','iure','6251'),
('31062','eveniet','1121'),
('31917','et','1242'),
('32164','quaerat','607'),
('32796','cum','1619'),
('33695','culpa','5294'),
('33782','magni','2950'),
('34235','repellat','6950'),
('34256','officiis','415'),
('36474','porro','4249'),
('38356','occaecati','8345'),
('38486','quam','9170'),
('38525','sequi','5041'),
('38616','ratione','5257'),
('39227','voluptatem','9658'),
('39264','aliquid','6536'),
('41846','minima','5674'),
('41966','doloribus','3671'),
('42646','fuga','3831'),
('42738','recusandae','4694'),
('43958','ipsum','8178'),
('44866','sunt','8856'),
('45290','sint','600'); 


INSERT INTO `heros` VALUES ('1','alias','distinctio'),
('7','aperiam','laboriosam'),
('10','dolorum','harum'),
('11','ducimus','reprehenderit'),
('13','libero','soluta'),
('19','sed','possimus'),
('20','deleniti','dolores'),
('24','delectus','similique'),
('25','quos','quis'),
('27','accusamus','unde'),
('31','sapiente','mollitia'),
('32','ipsum','ut'),
('34','quisquam','voluptates'),
('36','excepturi','cumque'),
('38','laborum','voluptatibus'),
('41','consequatur','esse'),
('42','quibusdam','eveniet'),
('47','veritatis','sit'),
('49','eos','qui'),
('50','laudantium','tempora'),
('56','cupiditate','veniam'),
('58','atque','culpa'),
('59','iure','perferendis'),
('65','nobis','consectetur'),
('66','vel','maiores'),
('71','eaque','quo'),
('77','ad','fuga'),
('86','sequi','porro'),
('91','ullam','vero'),
('94','et','nisi'),
('100','expedita','molestiae'),
('101','hic','ea'),
('102','ratione','impedit'),
('104','rerum','debitis'),
('106','aut','voluptas'),
('111','placeat','inventore'),
('113','repudiandae','adipisci'),
('114','assumenda','eum'),
('118','amet','animi'),
('122','aliquam','cum'),
('125','incidunt','iusto'),
('126','in','omnis'),
('129','ipsa','voluptatum'),
('136','minima','sunt'),
('137','est','quam'),
('139','velit','voluptatem'),
('140','non','dolor'),
('141','repellendus','enim'),
('142','tenetur','perspiciatis'),
('150','magni','id'); 

INSERT INTO `league` VALUES ('398833506','accusantium'),
('399695362','architecto'),
('934213','beatae'),
('179','distinctio'),
('3760','dolor'),
('49872054','dolorem'),
('12259','dolores'),
('6912','et'),
('11730','in'),
('11','magni'),
('5','molestias'),
('472','nisi'),
('2349','numquam'),
('23062714','omnis'),
('180','quasi'),
('173678','rem'),
('31513614','repudiandae'),
('0','sit'),
('195044','unde'),
('14783944','ut'); 


INSERT INTO `teams` VALUES ('485','laudantium','8831','soluta'),
('11187','vitae','5480973','aperiam'),
('11321','ad','753','quisquam'),
('12655','quis','64163697','corrupti'),
('20202','eveniet','95463','placeat'),
('21179','iste','3019878','quas'),
('26141','neque','94805186','culpa'),
('33323','eos','568837','dicta'),
('44110','sit','683350913','officia'),
('46916','modi','396822876','iure'),
('49628','molestiae','919','consectetur'),
('49983','dolorum','796805','dolorem'),
('54139','animi','11','adipisci'),
('55437','voluptate','7','explicabo'),
('59075','unde','8518','quo'),
('65321','odit','59','dignissimos'),
('75393','et','0','quia'),
('77869','accusantium','57775050','facere'),
('79127','nihil','33822','cum'),
('88783','blanditiis','851509','repellat'),
('94998','harum','704118530','sequi'),
('96473','ipsa','5','eius'),
('99619','quae','5972273','voluptatibus'),
('102602','omnis','376','possimus'),
('122538','illo','951987041','nulla'),
('138655','ea','1027','doloremque'),
('153169','quidem','94539','deleniti'),
('156407','perspiciatis','5436499','rerum'),
('166653','totam','99999','reiciendis'),
('178685','at','7622','nostrum'),
('181204','autem','938660','sint'),
('181324','recusandae','54755428','minus'),
('187220','pariatur','142566361','aut'),
('193106','accusamus','55714','ab'),
('194988','consequatur','156251','eligendi'),
('201807','occaecati','638503','expedita'),
('202456','qui','156','ut'),
('203322','voluptatem','3394539','facilis'),
('203838','distinctio','8','ex'),
('221481','maiores','462843','est'); 

INSERT INTO `transaction_sub` VALUES ('1','1','392257.64','month1','2019-10-30 11:48:49','2000-05-20 05:09:23'),
('2','2','3.60','month1','1999-03-08 15:23:32','2002-08-14 10:00:20'),
('3','3','232838.37','month1','2017-10-24 00:11:50','2013-11-18 22:13:35'),
('4','4','0.00','month1','1993-09-29 00:04:49','2012-08-22 21:50:58'),
('5','5','29993.35','month1','1984-09-18 22:07:48','1986-04-04 14:16:20'),
('6','6','4001.00','month3','1981-07-07 22:39:24','1973-04-25 14:26:20'),
('7','7','8720217.68','month6','1983-05-10 01:32:34','1994-08-21 23:16:53'),
('8','8','1481008.51','month3','1989-12-25 11:52:04','1981-02-13 01:07:12'),
('9','9','2004.10','month1','1980-01-13 21:50:52','1970-02-26 02:04:16'),
('10','10','10026.28','month1','1978-04-11 16:42:34','1995-08-17 14:06:20'); 


INSERT INTO `matches` VALUES ('1','309952','2012-07-25 00:21:44','1988-08-14 14:07:30','1985-02-11 04:07:49','2010-10-12 09:07:28','0','amet','et','8712','2347','485','485',NULL,NULL,NULL,NULL,NULL,'0',NULL,'et'),
('2','661013','1979-05-19 11:58:44','2009-11-07 12:53:40','2004-08-10 10:35:55','1978-12-27 10:43:01','5','autem','quod','800','26512425','11187','11187',NULL,NULL,NULL,NULL,NULL,'0',NULL,'autem'),
('3','1242181','1981-07-25 08:48:02','1986-04-14 06:37:23','1979-04-21 15:36:00','1987-08-23 14:56:40','11','sapiente','odio','27','5218131','11321','11321',NULL,NULL,NULL,NULL,NULL,'0',NULL,'odio'),
('4','854401','1991-08-12 04:24:31','2007-10-26 09:37:31','2003-11-18 12:52:28','1985-08-15 16:27:11','179','qui','eveniet','6','9423','12655','12655',NULL,NULL,NULL,NULL,NULL,'0',NULL,'eveniet'),
('5','580934','2014-08-27 07:14:20','2005-01-06 14:49:02','1994-05-19 05:39:26','1975-11-14 20:49:21','180','laboriosam','deserunt','553144','935488','20202','20202',NULL,NULL,NULL,NULL,NULL,'0',NULL,'rerum'),
('6','506276','1984-01-17 15:35:13','2018-04-17 21:42:29','1995-03-25 18:50:18','1984-08-19 06:38:04','472','rerum','ea','75336','2824671','21179','21179',NULL,NULL,NULL,NULL,NULL,'0',NULL,'et'),
('7','831086','2001-06-15 04:21:57','1973-12-15 03:06:09','2018-02-07 12:07:04','1977-10-15 14:31:20','2349','et','in','3959160','0','26141','26141',NULL,NULL,NULL,NULL,NULL,'0',NULL,'adipisci'),
('8','280651','1992-12-17 03:57:56','1989-10-27 21:10:42','1986-08-10 04:15:47','1999-12-29 23:48:21','3760','nesciunt','adipisci','95360','4853','33323','33323',NULL,NULL,NULL,NULL,NULL,'0',NULL,'adipisci'),
('9','618157','1972-01-11 04:12:39','1999-03-14 11:50:33','2009-04-09 01:21:58','1995-10-29 08:34:06','6912','quia','fuga','4','0','44110','44110',NULL,NULL,NULL,NULL,NULL,'0',NULL,'fuga'),
('10','147103','1994-06-02 23:20:19','1993-11-11 18:09:02','2001-01-02 10:52:33','2003-05-06 22:02:37','11730','et','voluptatem','33','3933','46916','46916',NULL,NULL,NULL,NULL,NULL,'0',NULL,'et'),
('11','126741','2009-05-10 04:04:48','1980-04-24 09:46:48','1974-09-02 08:22:52','1994-12-02 21:11:40','12259','ullam','sit','235144329','3542','49628','49628',NULL,NULL,NULL,NULL,NULL,'0',NULL,'ullam'),
('12','497584','2010-02-27 00:46:31','2014-11-20 18:19:46','1971-05-04 23:13:12','2005-07-08 02:11:56','173678','deleniti','voluptatum','0','9','49983','49983',NULL,NULL,NULL,NULL,NULL,'0',NULL,'voluptatum'),
('13','421549','1980-07-17 10:56:08','2014-06-10 16:56:57','1984-07-12 03:29:15','1995-09-09 00:59:02','195044','qui','iusto','6430956','10951','54139','54139',NULL,NULL,NULL,NULL,NULL,'0',NULL,'iusto'),
('14','114284','1989-07-20 01:08:32','2018-07-21 05:59:40','2011-07-22 10:29:58','1981-07-27 11:24:46','934213','suscipit','ut','51','70604044','55437','55437',NULL,NULL,NULL,NULL,NULL,'0',NULL,'suscipit'),
('15','631154','1995-03-28 19:42:11','1976-10-30 12:05:13','2007-12-29 18:53:57','2003-09-01 23:21:35','14783944','ab','voluptatibus','92','105155','59075','59075',NULL,NULL,NULL,NULL,NULL,'0',NULL,'voluptatibus'),
('16','407583','1972-01-15 15:33:16','1979-09-06 03:50:07','1999-12-12 23:56:10','2001-04-08 20:48:20','23062714','facilis','debitis','3','94948324','65321','65321',NULL,NULL,NULL,NULL,NULL,'0',NULL,'debitis'),
('17','15755','1999-11-16 23:33:18','1998-06-14 20:16:52','1979-09-15 09:44:39','1981-06-13 00:58:57','31513614','magnam','ad','0','5035112','75393','75393',NULL,NULL,NULL,NULL,NULL,'0',NULL,'magnam'),
('18','712962','2003-11-20 12:46:59','1979-05-29 21:45:42','1996-03-15 15:26:13','1992-02-09 18:21:07','49872054','dolore','deserunt','82743','7265','77869','77869',NULL,NULL,NULL,NULL,NULL,'0',NULL,'dolore'),
('19','460992','2019-05-03 17:11:49','1983-09-27 10:39:45','1986-01-05 20:27:54','2018-11-21 05:04:44','398833506','minus','cum','127108317','9','79127','79127',NULL,NULL,NULL,NULL,NULL,'0',NULL,'cum'),
('20','1239824','1976-05-04 08:59:30','2019-06-02 03:57:54','2000-01-16 09:45:01','1995-07-02 23:38:49','399695362','tempore','iste','1','5356','88783','88783',NULL,NULL,NULL,NULL,NULL,'0',NULL,'tempore'),
('21','314928','1994-06-30 19:21:35','1990-07-22 10:16:46','1990-05-02 20:39:02','2001-08-22 12:49:02','0','quia','alias','556','42859780','94998','94998',NULL,NULL,NULL,NULL,NULL,'0',NULL,'alias'),
('22','653621','1998-03-09 13:56:25','2013-04-17 15:32:15','1983-03-01 00:09:07','2014-08-03 15:51:06','5','quisquam','consequatur','52','8','96473','96473',NULL,NULL,NULL,NULL,NULL,'0',NULL,'consequatur'),
('23','337556','2016-06-09 01:28:06','2001-10-29 14:26:23','2018-06-22 23:18:26','1983-02-22 16:53:51','11','magni','deserunt','43311','5','99619','99619',NULL,NULL,NULL,NULL,NULL,'0',NULL,'deserunt'),
('24','395773','1999-01-23 23:22:25','2012-04-08 07:40:30','2008-03-29 12:42:21','1970-08-21 14:22:12','179','perspiciatis','nesciunt','88162916','5904','102602','102602',NULL,NULL,NULL,NULL,NULL,'0',NULL,'perspiciatis'),
('25','763521','1991-04-05 13:09:11','2011-08-08 18:04:14','2019-06-04 15:13:35','1984-08-08 19:06:56','180','quod','enim','619','3','122538','122538',NULL,NULL,NULL,NULL,NULL,'0',NULL,'enim'),
('26','687988','2010-11-22 02:44:03','1976-06-03 12:29:56','1983-04-27 01:01:50','2008-02-08 22:43:31','472','in','rerum','12','0','138655','138655',NULL,NULL,NULL,NULL,NULL,'0',NULL,'rerum'),
('27','93736','2019-01-28 23:57:33','1970-11-10 17:28:45','1983-10-15 21:14:18','1994-08-23 01:49:38','2349','iusto','culpa','22831','60157011','153169','153169',NULL,NULL,NULL,NULL,NULL,'0',NULL,'culpa'),
('28','914114','2002-06-18 00:10:07','2001-06-01 04:44:24','1993-05-06 17:29:33','2003-01-27 04:16:11','3760','modi','quae','424','0','156407','156407',NULL,NULL,NULL,NULL,NULL,'0',NULL,'quae'),
('29','483592','1994-01-25 19:48:44','2009-07-01 03:14:51','1994-01-10 17:33:16','2009-08-21 03:06:44','6912','odit','porro','9804','2946','166653','166653',NULL,NULL,NULL,NULL,NULL,'0',NULL,'porro'),
('30','266257','1983-02-12 12:32:21','1975-07-01 19:09:37','1988-02-16 16:07:29','1996-07-01 00:32:05','11730','nesciunt','minus','1','58478245','178685','178685',NULL,NULL,NULL,NULL,NULL,'0',NULL,'minus'),
('31','35789','1978-09-02 04:42:32','1993-04-13 15:37:27','1991-12-19 21:43:12','2003-08-19 16:18:09','12259','corrupti','accusamus','32508267','66','181204','181204',NULL,NULL,NULL,NULL,NULL,'0',NULL,'accusamus'),
('32','348982','2010-09-09 16:53:48','1990-04-29 01:11:03','1990-09-05 17:58:15','1979-09-10 18:15:59','173678','et','illo','610238','0','181324','181324',NULL,NULL,NULL,NULL,NULL,'0',NULL,'et'),
('33','551915','2014-04-20 10:09:23','2007-01-20 21:36:56','1983-01-19 05:27:21','2019-11-09 22:38:26','195044','consectetur','consequuntur','4975396','403773','187220','187220',NULL,NULL,NULL,NULL,NULL,'0',NULL,'consectetur'),
('34','813168','1990-07-18 08:34:22','1985-08-06 05:33:16','1985-01-17 08:46:07','2007-12-15 15:47:31','934213','praesentium','soluta','267','133682','193106','193106',NULL,NULL,NULL,NULL,NULL,'0',NULL,'soluta'),
('35','178459','2013-04-15 08:48:50','1993-12-22 22:05:14','2013-02-27 08:20:41','2015-10-23 03:52:57','14783944','ea','aperiam','7116','65','194988','194988',NULL,NULL,NULL,NULL,NULL,'0',NULL,'aperiam'),
('36','647201','1988-05-26 19:10:56','1997-08-08 22:08:34','2008-10-17 01:34:13','2007-04-02 06:08:20','23062714','corrupti','voluptas','7','86741379','201807','201807',NULL,NULL,NULL,NULL,NULL,'0',NULL,'voluptas'),
('37','754878','2005-07-30 15:14:42','2013-12-19 09:36:39','1984-03-02 17:48:59','1991-10-26 18:05:33','31513614','rerum','et','7682','695','202456','202456',NULL,NULL,NULL,NULL,NULL,'0',NULL,'et'),
('38','734268','1985-01-12 15:15:04','2011-08-21 17:37:14','1972-09-20 05:27:18','1985-07-14 21:52:08','49872054','ut','quo','150579967','7023513','203322','203322',NULL,NULL,NULL,NULL,NULL,'0',NULL,'ut'),
('39','576292','1979-04-11 09:29:13','2010-07-24 01:42:42','1970-07-12 15:33:05','1971-10-16 22:40:17','398833506','officiis','sapiente','40629','0','203838','203838',NULL,NULL,NULL,NULL,NULL,'0',NULL,'officiis'),
('40','517508','2007-09-18 15:39:28','2011-02-01 08:56:24','2011-01-16 09:49:34','1989-11-18 18:42:29','399695362','asperiores','itaque','36','1514136','221481','221481',NULL,NULL,NULL,NULL,NULL,'0',NULL,'asperiores'),
('41','23216','2002-01-04 09:06:29','1995-02-07 15:09:16','1986-11-11 10:03:36','1988-05-21 12:05:53','0','fugiat','assumenda','5479','435','485','485',NULL,NULL,NULL,NULL,NULL,'0',NULL,'assumenda'),
('42','22985','2014-09-25 08:13:07','1986-02-23 20:35:02','1974-06-16 19:15:03','2016-09-09 01:49:11','5','a','ipsum','5','80','11187','11187',NULL,NULL,NULL,NULL,NULL,'0',NULL,'ipsum'),
('43','326967','1988-05-27 05:48:28','1971-02-25 08:52:42','1980-04-01 12:43:45','2016-03-29 05:26:31','11','eum','molestias','932033','17180050','11321','11321',NULL,NULL,NULL,NULL,NULL,'0',NULL,'eum'),
('44','609403','1981-02-13 12:53:19','1997-12-04 14:46:23','2012-01-25 07:57:56','1973-04-07 04:17:25','179','accusamus','ipsam','895','3','12655','12655',NULL,NULL,NULL,NULL,NULL,'0',NULL,'accusamus'),
('45','1089180','2010-10-15 14:59:49','2005-06-20 06:02:59','2001-11-21 11:50:09','1970-02-04 05:05:34','180','incidunt','in','261882734','37497','20202','20202',NULL,NULL,NULL,NULL,NULL,'0',NULL,'incidunt'),
('46','673198','1998-01-23 10:32:50','2007-06-21 21:15:20','2007-07-14 05:14:31','1995-12-03 14:46:55','472','consequatur','et','0','73297224','21179','21179',NULL,NULL,NULL,NULL,NULL,'0',NULL,'et'),
('47','361795','1994-12-31 18:00:16','2004-12-04 07:32:42','1982-07-26 07:43:32','1980-10-29 09:18:51','2349','sunt','voluptatem','218','817653127','26141','26141',NULL,NULL,NULL,NULL,NULL,'0',NULL,'sunt'),
('48','1156521','1980-05-18 21:49:33','2000-07-21 01:50:31','1975-12-01 18:09:41','1988-05-01 19:36:58','3760','molestias','quam','9','6384','33323','33323',NULL,NULL,NULL,NULL,NULL,'0',NULL,'molestias'),
('49','222061','1974-06-15 07:21:25','1992-09-24 13:22:47','2015-03-24 23:10:24','1987-08-29 09:33:19','6912','velit','consectetur','31682342','0','44110','44110',NULL,NULL,NULL,NULL,NULL,'0',NULL,'velit'),
('50','271838','1997-08-28 09:21:11','1990-04-14 17:35:05','1970-08-12 01:29:21','2001-06-16 07:14:01','11730','perferendis','quos','945118017','8053175','46916','46916',NULL,NULL,NULL,NULL,NULL,'0',NULL,'quos'); 





INSERT INTO `match_players` VALUES ('15755','1972','1','radiant'),
('22985','2028','7','radiant'),
('23216','2623','10','radiant'),
('35789','2635','11','radiant'),
('93736','6579','13','radiant'),
('114284','7243','19','radiant'),
('126741','8143','20','radiant'),
('147103','8639','24','dire'),
('178459','10129','25','dire'),
('222061','11884','27','dire'),
('266257','12216','31','dire'),
('271838','12980','32','dire'),
('280651','13640','34','dire'),
('309952','14406','36','dire'),
('314928','15456','38','dire'),
('326967','19766','41','dire'),
('337556','19844','42','dire'),
('348982','21542','47','dire'),
('361795','21643','49','dire'),
('395773','22184','50','radiant'),
('407583','23593','56','radiant'),
('421549','24348','58','radiant'),
('460992','24442','59','radiant'),
('483592','24528','65','radiant'),
('497584','25242','66','radiant'),
('506276','27997','71','radiant'),
('517508','28308','77','radiant'),
('551915','28732','86','radiant'),
('576292','31062','91','dire'),
('580934','31917','94','dire'),
('609403','32164','100','dire'),
('618157','32796','101','dire'),
('631154','33695','102','dire'),
('647201','33782','104','dire'),
('653621','34235','106','dire'),
('661013','34256','111','dire'),
('673198','36474','113','dire'),
('687988','38356','114','dire'),
('712962','38486','118','dire'),
('734268','38525','122','dire'),
('754878','38616','125','dire'),
('763521','39227','126','dire'),
('813168','39264','129','dire'),
('831086','41846','136','dire'),
('854401','41966','137','dire'),
('914114','42646','139','radiant'),
('1089180','42738','140','radiant'),
('1156521','43958','141','radiant'),
('1239824','44866','142','radiant'),
('1242181','45290','150','radiant'); 


INSERT INTO `chat` VALUES ('1','excepturi','15755','2014-12-20 23:44:28'),
('2','labore','22985','1998-02-13 08:51:03'),
('3','reprehenderit','23216','2009-01-09 11:10:47'),
('4','repudiandae','35789','1990-06-11 13:40:55'),
('5','consectetur','93736','1982-09-23 09:59:52'),
('6','perspiciatis','114284','1995-09-21 05:24:16'),
('7','et','126741','2018-03-03 19:27:17'),
('8','voluptatem','147103','1999-09-21 18:45:11'),
('9','voluptatibus','178459','1986-01-29 00:14:17'),
('10','rerum','222061','1971-03-25 05:34:14'),
('11','nam','266257','1975-08-09 09:29:38'),
('12','sapiente','271838','1996-06-22 19:31:45'),
('13','laudantium','280651','2020-02-05 14:09:53'),
('14','omnis','309952','1975-02-24 09:38:02'),
('15','expedita','314928','2009-04-22 21:22:35'),
('16','nemo','326967','2014-03-15 21:39:37'),
('17','est','337556','2018-03-03 15:49:09'),
('18','inventore','348982','1975-10-05 22:49:14'),
('19','soluta','361795','2014-05-02 10:43:58'),
('20','quod','395773','1983-10-03 21:58:53'),
('21','ex','407583','1975-12-11 12:17:44'),
('22','impedit','421549','1979-01-09 01:26:12'),
('23','aliquam','460992','2005-03-14 11:18:07'),
('24','voluptas','483592','2019-10-24 09:31:37'),
('25','adipisci','497584','2008-09-02 20:12:55'),
('26','provident','506276','2004-07-04 09:47:27'),
('27','dolores','517508','1980-05-23 09:44:31'),
('28','atque','551915','2013-01-25 07:47:16'),
('29','similique','576292','1995-03-22 07:16:12'),
('30','possimus','580934','2004-05-09 08:40:17'),
('31','temporibus','609403','1984-12-08 20:24:23'),
('32','quis','618157','1971-06-19 03:17:54'),
('33','quo','631154','1975-01-21 09:12:18'),
('34','voluptates','647201','1990-04-25 00:55:52'),
('35','consequatur','653621','2005-09-06 11:22:01'),
('36','eveniet','661013','2018-11-16 13:37:42'),
('37','ut','673198','2018-05-18 01:56:02'),
('38','aut','687988','1975-09-18 18:43:01'),
('39','sed','712962','2002-08-31 17:42:22'),
('40','at','734268','1971-02-04 11:33:55'),
('41','unde','754878','2000-03-22 11:20:01'),
('42','reiciendis','763521','1991-04-10 19:14:30'),
('43','sit','813168','2008-05-27 09:23:27'),
('44','autem','831086','1980-02-07 01:57:19'),
('45','tempore','854401','2004-04-30 08:05:06'),
('46','blanditiis','914114','1995-06-19 05:48:18'),
('47','amet','1089180','2013-06-19 01:05:31'),
('48','corporis','1156521','1973-11-03 19:46:17'),
('49','maxime','1239824','2019-11-11 17:58:24'),
('50','facilis','1242181','1973-10-06 10:11:35'); 


INSERT INTO `message`(message_id,message_chat_id,from_user_id,create_at) VALUES ('1','1','1','1978-11-28 06:13:27'),
('2','2','2','2017-01-19 17:18:03'),
('3','3','3','2012-02-03 17:15:12'),
('4','4','4','2019-01-29 12:50:37'),
('5','5','5','2004-01-01 04:14:42'),
('6','6','6','2008-09-04 19:56:38'),
('7','7','7','1970-07-06 12:32:46'),
('8','8','8','1982-05-22 16:23:13'),
('9','9','9','1990-01-05 10:54:11'),
('10','10','10','2007-04-16 22:29:49'),
('11','11','11','1998-07-11 06:54:37'),
('12','12','12','1998-08-31 12:49:11'),
('13','13','13','2007-01-28 16:45:29'),
('14','14','14','2008-04-20 04:40:35'),
('15','15','15','1993-11-07 20:58:13'),
('16','16','16','2016-02-10 11:46:31'),
('17','17','17','1977-05-03 11:58:18'),
('18','18','18','2017-06-30 12:33:01'),
('19','19','19','1971-03-27 22:11:42'),
('20','20','20','1983-01-16 08:03:31'),
('21','21','21','1997-05-15 19:31:54'),
('22','22','22','1975-12-27 07:44:05'),
('23','23','23','1994-10-18 15:10:00'),
('24','24','24','1987-04-03 16:19:22'),
('25','25','25','2015-05-24 14:56:43'),
('26','26','26','1997-09-24 06:02:24'),
('27','27','27','2008-08-02 21:00:40'),
('28','28','28','1979-10-12 16:58:44'),
('29','29','29','1975-01-19 07:48:03'),
('30','30','30','1991-05-15 08:33:11'),
('31','31','1','1984-01-11 09:31:34'),
('32','32','2','1973-01-10 14:34:43'),
('33','33','3','2014-10-27 07:32:25'),
('34','34','4','1995-04-12 09:18:29'),
('35','35','5','1971-05-21 15:45:53'),
('36','36','6','1996-12-05 04:04:59'),
('37','37','7','2005-11-02 12:43:31'),
('38','38','8','2010-12-12 02:00:01'),
('39','39','9','1987-05-08 02:03:20'),
('40','40','10','2003-02-02 07:26:06'),
('41','41','11','2019-08-14 06:50:17'),
('42','42','12','1983-03-19 09:59:29'),
('43','43','13','1997-05-10 10:13:34'),
('44','44','14','1996-06-13 09:26:19'),
('45','45','15','2008-12-11 03:50:40'),
('46','46','16','2013-06-22 18:21:23'),
('47','47','17','1989-05-07 17:37:50'),
('48','48','18','1987-07-17 00:59:52'),
('49','49','19','1992-03-24 02:09:12'),
('50','50','20','2005-10-24 12:25:33'),
('51','1','1','1978-11-28 06:13:27'); 



